<?xml version="1.0" encoding="UTF-8"?>
<datamap>
	<asciidecimal>
		<!-- decimal 0-31 are unreadable characters -->
		<char>
			<ascii> </ascii>
			<decimal>32</decimal>
		</char>
		<char>
			<ascii>!</ascii>
			<decimal>33</decimal>
		</char>
		<char>
			<ascii>"</ascii>
			<decimal>34</decimal>
		</char>
		<char>
			<ascii>#</ascii>
			<decimal>35</decimal>
		</char>
		<char>
			<ascii>$</ascii>
			<decimal>36</decimal>
		</char>
		<char>
			<ascii>%</ascii>
			<decimal>37</decimal>
		</char>
		<char>
			<ascii>&amp;</ascii>
			<decimal>38</decimal>
		</char>
		<char>
			<ascii>'</ascii>
			<decimal>39</decimal>
		</char>
		<char>
			<ascii>(</ascii>
			<decimal>40</decimal>
		</char>
		<char>
			<ascii>)</ascii>
			<decimal>41</decimal>
		</char>
		<char>
			<ascii>*</ascii>
			<decimal>42</decimal>
		</char>
		<char>
			<ascii>+</ascii>
			<decimal>43</decimal>
		</char>
		<char>
			<ascii>,</ascii>
			<decimal>44</decimal>
		</char>
		<char>
			<ascii>-</ascii>
			<decimal>45</decimal>
		</char>
		<char>
			<ascii>.</ascii>
			<decimal>46</decimal>
		</char>
		<char>
			<ascii>/</ascii>
			<decimal>47</decimal>
		</char>
		<char>
			<ascii>0</ascii>
			<decimal>48</decimal>
		</char>
		<char>
			<ascii>1</ascii>
			<decimal>49</decimal>
		</char>
		<char>
			<ascii>2</ascii>
			<decimal>50</decimal>
		</char>
		<char>
			<ascii>3</ascii>
			<decimal>51</decimal>
		</char>
		<char>
			<ascii>4</ascii>
			<decimal>52</decimal>
		</char>
		<char>
			<ascii>5</ascii>
			<decimal>53</decimal>
		</char>
		<char>
			<ascii>6</ascii>
			<decimal>54</decimal>
		</char>
		<char>
			<ascii>7</ascii>
			<decimal>55</decimal>
		</char>
		<char>
			<ascii>8</ascii>
			<decimal>56</decimal>
		</char>
		<char>
			<ascii>9</ascii>
			<decimal>57</decimal>
		</char>
		<char>
			<ascii>:</ascii>
			<decimal>58</decimal>
		</char>
		<char>
			<ascii>;</ascii>
			<decimal>59</decimal>
		</char>
		<char>
			<ascii>&lt;</ascii>
			<decimal>60</decimal>
		</char>
		<char>
			<ascii>=</ascii>
			<decimal>61</decimal>
		</char>
		<char>
			<ascii>&gt;</ascii>
			<decimal>62</decimal>
		</char>
		<char>
			<ascii>?</ascii>
			<decimal>63</decimal>
		</char>
		<char>
			<ascii>@</ascii>
			<decimal>64</decimal>
		</char>
		<char>
			<ascii>A</ascii>
			<decimal>65</decimal>
		</char>
		<char>
			<ascii>B</ascii>
			<decimal>66</decimal>
		</char>
		<char>
			<ascii>C</ascii>
			<decimal>67</decimal>
		</char>
		<char>
			<ascii>D</ascii>
			<decimal>68</decimal>
		</char>
		<char>
			<ascii>E</ascii>
			<decimal>69</decimal>
		</char>
		<char>
			<ascii>F</ascii>
			<decimal>70</decimal>
		</char>
		<char>
			<ascii>G</ascii>
			<decimal>71</decimal>
		</char>
		<char>
			<ascii>H</ascii>
			<decimal>72</decimal>
		</char>
		<char>
			<ascii>I</ascii>
			<decimal>73</decimal>
		</char>
		<char>
			<ascii>J</ascii>
			<decimal>74</decimal>
		</char>
		<char>
			<ascii>K</ascii>
			<decimal>75</decimal>
		</char>
		<char>
			<ascii>L</ascii>
			<decimal>76</decimal>
		</char>
		<char>
			<ascii>M</ascii>
			<decimal>77</decimal>
		</char>
		<char>
			<ascii>N</ascii>
			<decimal>78</decimal>
		</char>
		<char>
			<ascii>O</ascii>
			<decimal>79</decimal>
		</char>
		<char>
			<ascii>P</ascii>
			<decimal>80</decimal>
		</char>
		<char>
			<ascii>Q</ascii>
			<decimal>81</decimal>
		</char>
		<char>
			<ascii>R</ascii>
			<decimal>82</decimal>
		</char>
		<char>
			<ascii>S</ascii>
			<decimal>83</decimal>
		</char>
		<char>
			<ascii>T</ascii>
			<decimal>84</decimal>
		</char>
		<char>
			<ascii>U</ascii>
			<decimal>85</decimal>
		</char>
		<char>
			<ascii>V</ascii>
			<decimal>86</decimal>
		</char>
		<char>
			<ascii>W</ascii>
			<decimal>87</decimal>
		</char>
		<char>
			<ascii>X</ascii>
			<decimal>88</decimal>
		</char>
		<char>
			<ascii>Y</ascii>
			<decimal>89</decimal>
		</char>
		<char>
			<ascii>Z</ascii>
			<decimal>90</decimal>
		</char>
		<char>
			<ascii>[</ascii>
			<decimal>91</decimal>
		</char>
		<char>
			<ascii>\</ascii>
			<decimal>92</decimal>
		</char>
		<char>
			<ascii>]</ascii>
			<decimal>93</decimal>
		</char>
		<char>
			<ascii>^</ascii>
			<decimal>94</decimal>
		</char>
		<char>
			<ascii>_</ascii>
			<decimal>95</decimal>
		</char>
		<char>
			<ascii>`</ascii>
			<decimal>96</decimal>
		</char>
		<char>
			<ascii>a</ascii>
			<decimal>97</decimal>
		</char>
		<char>
			<ascii>b</ascii>
			<decimal>98</decimal>
		</char>
		<char>
			<ascii>c</ascii>
			<decimal>99</decimal>
		</char>
		<char>
			<ascii>d</ascii>
			<decimal>100</decimal>
		</char>
		<char>
			<ascii>e</ascii>
			<decimal>101</decimal>
		</char>
		<char>
			<ascii>f</ascii>
			<decimal>102</decimal>
		</char>
		<char>
			<ascii>g</ascii>
			<decimal>103</decimal>
		</char>
		<char>
			<ascii>h</ascii>
			<decimal>104</decimal>
		</char>
		<char>
			<ascii>i</ascii>
			<decimal>105</decimal>
		</char>
		<char>
			<ascii>j</ascii>
			<decimal>106</decimal>
		</char>
		<char>
			<ascii>k</ascii>
			<decimal>107</decimal>
		</char>
		<char>
			<ascii>l</ascii>
			<decimal>108</decimal>
		</char>
		<char>
			<ascii>m</ascii>
			<decimal>109</decimal>
		</char>
		<char>
			<ascii>n</ascii>
			<decimal>110</decimal>
		</char>
		<char>
			<ascii>o</ascii>
			<decimal>111</decimal>
		</char>
		<char>
			<ascii>p</ascii>
			<decimal>112</decimal>
		</char>
		<char>
			<ascii>q</ascii>
			<decimal>113</decimal>
		</char>
		<char>
			<ascii>r</ascii>
			<decimal>114</decimal>
		</char>
		<char>
			<ascii>s</ascii>
			<decimal>115</decimal>
		</char>
		<char>
			<ascii>t</ascii>
			<decimal>116</decimal>
		</char>
		<char>
			<ascii>u</ascii>
			<decimal>117</decimal>
		</char>
		<char>
			<ascii>v</ascii>
			<decimal>118</decimal>
		</char>
		<char>
			<ascii>w</ascii>
			<decimal>119</decimal>
		</char>
		<char>
			<ascii>x</ascii>
			<decimal>120</decimal>
		</char>
		<char>
			<ascii>y</ascii>
			<decimal>121</decimal>
		</char>
		<char>
			<ascii>z</ascii>
			<decimal>122</decimal>
		</char>
		<char>
			<ascii>{</ascii>
			<decimal>123</decimal>
		</char>
		<char>
			<ascii>|</ascii>
			<decimal>124</decimal>
		</char>
		<char>
			<ascii>}</ascii>
			<decimal>125</decimal>
		</char>
		<char>
			<ascii>~</ascii>
			<decimal>126</decimal>
		</char>
		<!-- decimal 127 is an unreadable character -->
	</asciidecimal>
	<decimalbase64>
		<char>
			<value>0</value>
			<base64>A</base64>
		</char>
		<char>
			<value>1</value>
			<base64>B</base64>
		</char>
		<char>
			<value>2</value>
			<base64>C</base64>
		</char>
		<char>
			<value>3</value>
			<base64>D</base64>
		</char>
		<char>
			<value>4</value>
			<base64>E</base64>
		</char>
		<char>
			<value>5</value>
			<base64>F</base64>
		</char>
		<char>
			<value>6</value>
			<base64>G</base64>
		</char>
		<char>
			<value>7</value>
			<base64>H</base64>
		</char>
		<char>
			<value>8</value>
			<base64>I</base64>
		</char>
		<char>
			<value>9</value>
			<base64>J</base64>
		</char>
		<char>
			<value>10</value>
			<base64>K</base64>
		</char>
		<char>
			<value>11</value>
			<base64>L</base64>
		</char>
		<char>
			<value>12</value>
			<base64>M</base64>
		</char>
		<char>
			<value>13</value>
			<base64>N</base64>
		</char>
		<char>
			<value>14</value>
			<base64>O</base64>
		</char>
		<char>
			<value>15</value>
			<base64>P</base64>
		</char>
		<char>
			<value>16</value>
			<base64>Q</base64>
		</char>
		<char>
			<value>17</value>
			<base64>R</base64>
		</char>
		<char>
			<value>18</value>
			<base64>S</base64>
		</char>
		<char>
			<value>19</value>
			<base64>T</base64>
		</char>
		<char>
			<value>20</value>
			<base64>U</base64>
		</char>
		<char>
			<value>21</value>
			<base64>V</base64>
		</char>
		<char>
			<value>22</value>
			<base64>W</base64>
		</char>
		<char>
			<value>23</value>
			<base64>X</base64>
		</char>
		<char>
			<value>24</value>
			<base64>Y</base64>
		</char>
		<char>
			<value>25</value>
			<base64>Z</base64>
		</char>
		<char>
			<value>26</value>
			<base64>a</base64>
		</char>
		<char>
			<value>27</value>
			<base64>b</base64>
		</char>
		<char>
			<value>28</value>
			<base64>c</base64>
		</char>
		<char>
			<value>29</value>
			<base64>d</base64>
		</char>
		<char>
			<value>30</value>
			<base64>e</base64>
		</char>
		<char>
			<value>31</value>
			<base64>f</base64>
		</char>
		<char>
			<value>32</value>
			<base64>g</base64>
		</char>
		<char>
			<value>33</value>
			<base64>h</base64>
		</char>
		<char>
			<value>34</value>
			<base64>i</base64>
		</char>
		<char>
			<value>35</value>
			<base64>j</base64>
		</char>
		<char>
			<value>36</value>
			<base64>k</base64>
		</char>
		<char>
			<value>37</value>
			<base64>l</base64>
		</char>
		<char>
			<value>38</value>
			<base64>m</base64>
		</char>
		<char>
			<value>39</value>
			<base64>n</base64>
		</char>
		<char>
			<value>40</value>
			<base64>o</base64>
		</char>
		<char>
			<value>41</value>
			<base64>p</base64>
		</char>
		<char>
			<value>42</value>
			<base64>q</base64>
		</char>
		<char>
			<value>43</value>
			<base64>r</base64>
		</char>
		<char>
			<value>44</value>
			<base64>s</base64>
		</char>
		<char>
			<value>45</value>
			<base64>t</base64>
		</char>
		<char>
			<value>46</value>
			<base64>u</base64>
		</char>
		<char>
			<value>47</value>
			<base64>v</base64>
		</char>
		<char>
			<value>48</value>
			<base64>w</base64>
		</char>
		<char>
			<value>49</value>
			<base64>x</base64>
		</char>
		<char>
			<value>50</value>
			<base64>y</base64>
		</char>
		<char>
			<value>51</value>
			<base64>z</base64>
		</char>
		<char>
			<value>52</value>
			<base64>0</base64>
		</char>
		<char>
			<value>53</value>
			<base64>1</base64>
		</char>
		<char>
			<value>54</value>
			<base64>2</base64>
		</char>
		<char>
			<value>55</value>
			<base64>3</base64>
		</char>
		<char>
			<value>56</value>
			<base64>4</base64>
		</char>
		<char>
			<value>57</value>
			<base64>5</base64>
		</char>
		<char>
			<value>58</value>
			<base64>6</base64>
		</char>
		<char>
			<value>59</value>
			<base64>7</base64>
		</char>
		<char>
			<value>60</value>
			<base64>8</base64>
		</char>
		<char>
			<value>61</value>
			<base64>9</base64>
		</char>
		<char>
			<value>62</value>
			<base64>+</base64>
		</char>
		<char>
			<value>63</value>
			<base64>/</base64>
		</char>
	</decimalbase64>
</datamap>
